'id','name','brand_id'
(1,'124',1),
(2,'500',1),
(3,'595',1),
(4,'695',1),
(5,'GRANDE PUNTO',1),
(6,'PUNTO EVO',1),
(7,'INNY',1),
(8,'CL',2),
(9,'INTEGRA',2),
(10,'LEGEND',2),
(11,'MDX',2),
(12,'NSX',2),
(13,'RDX',2),
(14,'RL',2),
(15,'RSX',2),
(16,'TL',2),
(17,'TSX',2),
(18,'VIGOR',2),
(19,'ZDX',2),
(20,'INNY',2),
(21,'U5',3),
(22,'U6',3),
(23,'INNY',3),
(24,'A721',4),
(25,'A741',4),
(26,'A751',4),
(27,'CITY',4),
(28,'COUPE',4),
(29,'CROSSLINE',4),
(30,'CROSSOVER',4),
(31,'GTO',4),
(32,'ROADLINE',4),
(33,'SCOUTY',4),
(34,'SCOUTY R',4),
(35,'INNY',4),
(36,'4C',5),
(37,'33',5),
(38,'75',5),
(39,'90',5),
(40,'145',5),
(41,'146',5),
(42,'147',5),
(43,'155',5),
(44,'156',5),
(45,'159',5),
(46,'164',5),
(47,'166',5),
(48,'ALFASUD',5),
(49,'ALFETTA',5),
(50,'BRERA',5),
(51,'CROSSWAGON',5),
(52,'GIULIA',5),
(53,'GIULIETTA',5),
(54,'GT',5),
(55,'GTV',5),
(56,'MITO',5),
(57,'RS',5),
(58,'SPIDER',5),
(59,'SPORTWAGON',5),
(60,'SPRINT',5),
(61,'STELVIO',5),
(62,'TONALE',5),
(63,'INNY',5),
(64,'A110',6),
(65,'INNY',6),
(66,'ROCSTA',7),
(67,'INNY',7),
(68,'BULLDOG',8),
(69,'CYGNET',8),
(70,'DB',8),
(71,'DB1',8),
(72,'DB2',8),
(73,'DB4',8),
(74,'DB5',8),
(75,'DB6',8),
(76,'DB7',8),
(77,'DB9',8),
(78,'DB11',8),
(79,'DB MK III',8),
(80,'DBS',8),
(81,'DBS SUPERLEGGERA',8),
(82,'DBX',8),
(83,'DBX707',8),
(84,'LAGONDA',8),
(85,'ONE-77',8),
(86,'RAPIDE',8),
(87,'V8',8),
(88,'V8 VANTAGE',8),
(89,'V8 ZAGATO',8),
(90,'V12 VANQUISH',8),
(91,'V12 VANTAGE',8),
(92,'VANQUISH',8),
(93,'VANTAGE',8),
(94,'VIRAGE',8),
(95,'VOLATNE',8),
(96,'INNY',8),
(97,'80',9),
(98,'90',9),
(99,'100',9),
(100,'200',9),
(101,'A1',9),
(102,'A2',9),
(103,'A3',9),
(104,'A4',9),
(105,'A4 ALLROAD',9),
(106,'A5',9),
(107,'A6',9),
(108,'A6 ALLROAD',9),
(109,'A7',9),
(110,'A8',9),
(111,'CABRIOLET',9),
(112,'COUPE',9),
(113,'E-TRON',9),
(114,'E-TRON GT',9),
(115,'Q2',9),
(116,'Q3',9),
(117,'Q3 SPORTBACK',9),
(118,'Q4',9),
(119,'Q4 SPORTBACK',9),
(120,'Q5',9),
(121,'Q5 SPORTBACK',9),
(122,'Q7',9),
(123,'Q8',9),
(124,'QUATTRO',9),
(125,'R8',9),
(126,'RS2',9),
(127,'RS3',9),
(128,'RS4',9),
(129,'RS5',9),
(130,'RS6',9),
(131,'RS7',9),
(132,'RS E-TRON GT',9),
(133,'RS Q3',9),
(134,'RS Q8',9),
(135,'S1',9),
(136,'S2',9),
(137,'S3',9),
(138,'S4',9),
(139,'S5',9),
(140,'S6',9),
(141,'S7',9),
(142,'S8',9),
(143,'SQ2',9),
(144,'SQ5',9),
(145,'SQ7',9),
(146,'SQ8',9),
(147,'TT',9),
(148,'TT RS',9),
(149,'TT S',9),
(150,'V8',9),
(151,'INNY',9),
(152,'ALLEGRO',10),
(153,'AMBASADOR',10),
(154,'HEALEY',10),
(155,'MAXI',10),
(156,'METRO',10),
(157,'MINI',10),
(158,'MONTEGO',10),
(159,'INNY',10),
(160,'B40',11),
(161,'BJ20',11),
(162,'BJ40',11),
(163,'D20',11),
(164,'SENOVA X25',11),
(165,'SENOVA X35',11),
(166,'SENOVA X55',11),
(167,'SENOVA X65',11),
(168,'INNY',11),
(169,'ARNAGE',12),
(170,'AZURE',12),
(171,'BENTAYGA',12),
(172,'BROOKLANDS',12),
(173,'CONTINENTAL FLYING SPUR',12),
(174,'CONTINENTAL GT',12),
(175,'EIGHT',12),
(176,'MULSANNE',12),
(177,'TURBO R',12),
(178,'TURBO RT',12),
(179,'TURBO S',12),
(180,'INNY',12),
(181,'1M',13),
(182,'3GT',13),
(183,'5GT',13),
(184,'6GT',13),
(185,'I3',13),
(186,'I4',13),
(187,'I5',13),
(188,'I7',13),
(189,'I8',13),
(190,'IX',13),
(191,'IX1',13),
(192,'IX3',13),
(193,'M2',13),
(194,'M3',13),
(195,'M4',13),
(196,'M5',13),
(197,'M6',13),
(198,'M8',13),
(199,'SERIA 1',13),
(200,'SERIA 2',13),
(201,'SERIA 3',13),
(202,'SERIA 4',13),
(203,'SERIA 5',13),
(204,'SERIA 6',13),
(205,'SERIA 7',13),
(206,'SERIA 8',13),
(207,'X1',13),
(208,'X2',13),
(209,'X3',13),
(210,'X3 M',13),
(211,'X4',13),
(212,'X4 M',13),
(213,'X5',13),
(214,'X5 M',13),
(215,'X6',13),
(216,'X6M',13),
(217,'X7',13),
(218,'XM',13),
(219,'Z1',13),
(220,'Z3',13),
(221,'Z4',13),
(222,'Z4 M',13),
(223,'Z8',13),
(224,'INNY',13),
(225,'B3',14),
(226,'B4',14),
(227,'B5',14),
(228,'B6',14),
(229,'B7',14),
(230,'B8',14),
(231,'B10',14),
(232,'B12',14),
(233,'D3',14),
(234,'D4',14),
(235,'D5',14),
(236,'D10',14),
(237,'ROADSTER S',14),
(238,'XB7',14),
(239,'XD3',14),
(240,'XD4',14),
(241,'INNY',14),
(242,'CENTURION',15),
(243,'CENTURY',15),
(244,'ELECTRA',15),
(245,'ENCLAVE',15),
(246,'ENCORE',15),
(247,'LACROSSE',15),
(248,'LE SABRE',15),
(249,'LUCERNE',15),
(250,'PARK AVENUE',15),
(251,'REATTA',15),
(252,'REGAL',15),
(253,'RENDEZVOUS',15),
(254,'RIVIERA',15),
(255,'ROADMASTER',15),
(256,'SKYHAWK',15),
(257,'SKYLARK',15),
(258,'INNY',15),
(259,'ATTO 3',16),
(260,'DOLPHIN',16),
(261,'HAN',16),
(262,'QIN',16),
(263,'SEAGULL',16),
(264,'SEAL',16),
(265,'SONG',16),
(266,'TANG',16),
(267,'YUAN',16),
(268,'INNY',16),
(269,'ALLANTE',17),
(270,'ATS',17),
(271,'BLS',17),
(272,'BROUGHAM',17),
(273,'CATERA',17),
(274,'CIMARRON',17),
(275,'CT6',17),
(276,'CTS',17),
(277,'DEVILLE',17),
(278,'DTS',17),
(279,'ELDORADO',17),
(280,'ELR',17),
(281,'ESCALADE',17),
(282,'FLEETWOOD',17),
(283,'SEVILLE',17),
(284,'SLS',17),
(285,'SRX',17),
(286,'STS',17),
(287,'STS-V',17),
(288,'XLR',17),
(289,'XLR-V',17),
(290,'XT4',17),
(291,'XT5',17),
(292,'XT6',17),
(293,'XTS',17),
(294,'INNY',17),
(295,'KERRY',18),
(296,'M10',18),
(297,'M12',18),
(298,'M14',18),
(299,'M14 2.0',18),
(300,'PICKUP',18),
(301,'SULKY',18),
(302,'YDEA',18),
(303,'INNY',18),
(304,'AVANTIER',19),
(305,'INNY',19),
(306,'CH22 BAROODER',20),
(307,'CH26',20),
(308,'CH30',20),
(309,'CH32',20),
(310,'CH40',20),
(311,'CH46',20),
(312,'MEDIA',20),
(313,'SPEEDINO',20),
(314,'SPORTEEVO',20),
(315,'STELLA',20),
(316,'INNY',20),
(317,'1500',21),
(318,'2500',21),
(319,'3500',21),
(320,'ALERO',21),
(321,'APACHE',21),
(322,'ASTRO',21),
(323,'AVALANCHE',21),
(324,'AVEO',21),
(325,'BEL AIR',21),
(326,'BERETTA',21),
(327,'BLAZER',21),
(328,'BOLT',21),
(329,'C-10',21),
(330,'C-20',21),
(331,'C-30',21),
(332,'CAMARO',21),
(333,'CAPRICE',21),
(334,'CAPTIVA',21),
(335,'CAVALIER',21),
(336,'CELEBRITY',21),
(337,'CHEVELLE',21),
(338,'CHEVY VAN',21),
(339,'CITATION',21),
(340,'COBALT',21),
(341,'COLORADO',21),
(342,'CORSICA',21),
(343,'CORVETTE',21),
(344,'CRUZE',21),
(345,'EL CAMINO',21),
(346,'EPICA',21),
(347,'EQUINOX',21),
(348,'EVANDA',21),
(349,'EXPRESS',21),
(350,'G',21),
(351,'HHR',21),
(352,'IMPALA',21),
(353,'K30',21),
(354,'K1500',21),
(355,'KALOS',21),
(356,'LACETTI',21),
(357,'LUMINA',21),
(358,'MALIBU',21),
(359,'MATIZ',21),
(360,'MONTE CARLO',21),
(361,'MONZA',21),
(362,'NOVA',21),
(363,'NUBIRA',21),
(364,'ORLANDO',21),
(365,'REZZO',21),
(366,'S-10',21),
(367,'SILVERADO',21),
(368,'SPARK',21),
(369,'SPECTRUM',21),
(370,'SSR',21),
(371,'SUBURBAN',21),
(372,'TACUMA',21),
(373,'TAHOE',21),
(374,'TRAILBLAZER',21),
(375,'TRANS SPORT',21),
(376,'TRAVERSE',21),
(377,'TRAX',21),
(378,'VENTURE',21),
(379,'VOLT',21),
(380,'INNY',21),
(381,'200',22),
(382,'300',22),
(383,'300C',22),
(384,'300M',22),
(385,'300S',22),
(386,'ASPEN',22),
(387,'CARAVAN',22),
(388,'CONCORDE',22),
(389,'CROSSFIRE',22),
(390,'DAYTONA',22),
(391,'ES',22),
(392,'GRAND VOYAGER',22),
(393,'GS',22),
(394,'GTS',22),
(395,'LE BARON',22),
(396,'LHS',22),
(397,'NEON',22),
(398,'NEW YORKER',22),
(399,'PACIFICA',22),
(400,'PROWLER',22),
(401,'PT CRUISER',22),
(402,'SARATOGA',22),
(403,'SEBRING',22),
(404,'STRATUS',22),
(405,'TOWN &AMP; COUNTRY',22),
(406,'VALIANT',22),
(407,'VIPER',22),
(408,'VISION',22),
(409,'VOYAGER',22),
(410,'INNY',22),
(411,'ATECA',23),
(412,'BORN',23),
(413,'FORMENTOR',23),
(414,'LEON',23),
(415,'LEON SPORTSTOURER',23),
(416,'INNY',23),
(417,'1300',24),
(418,'1310',24),
(419,'1400',24),
(420,'1410',24),
(421,'DOKKER',24),
(422,'DOKKER VAN',24),
(423,'DUSTER',24),
(424,'JOGGER',24),
(425,'LODGY',24),
(426,'LOGAN',24),
(427,'LOGAN VAN',24),
(428,'NOVA',24),
(429,'PICK UP',24),
(430,'SANDERO',24),
(431,'SANDERO STEPWAY',24),
(432,'SOLENZA',24),
(433,'SPRING',24),
(434,'SUPER NOVA',24),
(435,'INNY',24),
(436,'CHAIRMAN',25),
(437,'CIELO',25),
(438,'ESPERO',25),
(439,'EVANDA',25),
(440,'KALOS',25),
(441,'KORANDO',25),
(442,'LACETTI',25),
(443,'LANOS',25),
(444,'LEGANZA',25),
(445,'MATIZ',25),
(446,'MUSSO',25),
(447,'NEXIA',25),
(448,'NUBIRA',25),
(449,'RACER',25),
(450,'REZZO',25),
(451,'TACUMA',25),
(452,'TICO',25),
(453,'INNY',25),
(454,'APPLAUSE',26),
(455,'CHARADE',26),
(456,'CHARMANT',26),
(457,'COPEN',26),
(458,'CUORE',26),
(459,'FEROZA',26),
(460,'FOURTRAK',26),
(461,'FREECLIMBER',26),
(462,'GRAN MOVE',26),
(463,'HIJET',26),
(464,'MATERIA',26),
(465,'MOVE',26),
(466,'ROCKY',26),
(467,'SIRION',26),
(468,'SPORTRAK',26),
(469,'TERIOS',26),
(470,'TREVIS',26),
(471,'YRV',26),
(472,'INNY',26),
(473,'DMC-12',27),
(474,'INNY',27),
(475,'DOUBLE CAB',28),
(476,'FENGON 5',28),
(477,'FENGON 7',28),
(478,'FENGON 500',28),
(479,'FENGON 580',28),
(480,'GLORY 580',28),
(481,'MINI BUS',28),
(482,'MINI VAN',28),
(483,'PICK UP',28),
(484,'SERES 3',28),
(485,'SERES 5',28),
(486,'INNY',28),
(487,'INNY',29),
(488,'AVENGER',30),
(489,'CALIBER',30),
(490,'CARAVAN',30),
(491,'CHALLENGER',30),
(492,'CHARGER',30),
(493,'DAKOTA',30),
(494,'DART',30),
(495,'DAYTONA',30),
(496,'DIPLOMAT',30),
(497,'DURANGO',30),
(498,'DYNASTY',30),
(499,'GRAND CARAVAN',30),
(500,'HORNET',30),
(501,'INTREPID',30),
(502,'JOURNEY',30),
(503,'MAGNUM',30),
(504,'MONACO',30),
(505,'NEON',30),
(506,'NITRO',30),
(507,'OMNI',30),
(508,'RAM',30),
(509,'SPIRIT',30),
(510,'STEALTH',30),
(511,'STRATUS',30),
(512,'VIPER',30),
(513,'INNY',30),
(514,'DR5',31),
(515,'INNY',31),
(516,'DS 3',32),
(517,'DS 3 CROSSBACK',32),
(518,'DS 4',32),
(519,'DS 4 CROSSBACK',32),
(520,'DS 5',32),
(521,'DS 7 CROSSBACK',32),
(522,'DS 9',32),
(523,'INNY',32),
(524,'208',33),
(525,'248',33),
(526,'250',33),
(527,'288',33),
(528,'308',33),
(529,'328',33),
(530,'330',33),
(531,'348',33),
(532,'360',33),
(533,'365',33),
(534,'400',33),
(535,'412',33),
(536,'456',33),
(537,'458 ITALIA',33),
(538,'488',33),
(539,'488 PISTA',33),
(540,'488 PISTA SPIDER',33),
(541,'512',33),
(542,'575',33),
(543,'599GTB',33),
(544,'612',33),
(545,'750',33),
(546,'812 GTS',33),
(547,'812 SUPERFAST',33),
(548,'CALIFORNIA',33),
(549,'DAYTONA',33),
(550,'DINO GT4',33),
(551,'ENZO',33),
(552,'F8 SPIDER',33),
(553,'F8 TRIBUTO',33),
(554,'F12BERLINETTA',33),
(555,'F40',33),
(556,'F50',33),
(557,'F355',33),
(558,'F360',33),
(559,'F430',33),
(560,'F550',33),
(561,'FF',33),
(562,'GTC4LUSSO',33),
(563,'LAFERRARI',33),
(564,'MONDIAL',33),
(565,'PORTOFINO',33),
(566,'PORTOFINO M',33),
(567,'ROMA',33),
(568,'SF90 SPIDER',33),
(569,'SF90 STRADALE',33),
(570,'SUPERAMERICA',33),
(571,'TESTAROSSA',33),
(572,'INNY',33),
(573,'124',34),
(574,'124 SPIDER',34),
(575,'125P',34),
(576,'126',34),
(577,'127',34),
(578,'128',34),
(579,'130',34),
(580,'131',34),
(581,'132',34),
(582,'500',34),
(583,'500L',34),
(584,'500X',34),
(585,'600',34),
(586,'850',34),
(587,'ALBEA',34),
(588,'BARCHETTA',34),
(589,'BRAVA',34),
(590,'BRAVO',34),
(591,'CINQUECENTO',34),
(592,'COUPE',34),
(593,'CROMA',34),
(594,'DINO',34),
(595,'DOBLO',34),
(596,'DUCATO',34),
(597,'FIORINO',34),
(598,'FREEMONT',34),
(599,'FULLBACK',34),
(600,'GRANDE PUNTO',34),
(601,'IDEA',34),
(602,'LINEA',34),
(603,'MAREA',34),
(604,'MULTIPLA',34),
(605,'PALIO',34),
(606,'PANDA',34),
(607,'PUNTO',34),
(608,'PUNTO 2012',34),
(609,'PUNTO EVO',34),
(610,'QUBO',34),
(611,'REGATA',34),
(612,'RITMO',34),
(613,'SCUDO',34),
(614,'SEDICI',34),
(615,'SEICENTO',34),
(616,'SIENA',34),
(617,'SPIDER EUROPA',34),
(618,'STILO',34),
(619,'STRADA',34),
(620,'TALENTO',34),
(621,'TEMPRA',34),
(622,'TIPO',34),
(623,'ULYSSE',34),
(624,'UNO',34),
(625,'X 1',34),
(626,'INNY',34),
(627,'AEROSTAR',35),
(628,'ASPIRE',35),
(629,'B-MAX',35),
(630,'BRONCO',35),
(631,'C-MAX',35),
(632,'CAPRI',35),
(633,'CONTOUR',35),
(634,'COUGAR',35),
(635,'COURIER',35),
(636,'CROWN',35),
(637,'ECONOLINE',35),
(638,'ECONOVAN',35),
(639,'ECOSPORT',35),
(640,'EDGE',35),
(641,'ESCAPE',35),
(642,'ESCORT',35),
(643,'EXCURSION',35),
(644,'EXPEDITION',35),
(645,'EXPLORER',35),
(646,'F150',35),
(647,'F250',35),
(648,'F350',35),
(649,'FAIRLANE',35),
(650,'FALCON',35),
(651,'FESTIVA',35),
(652,'FIESTA',35),
(653,'FIVE HUNDRED',35),
(654,'FLEX',35),
(655,'FOCUS',35),
(656,'FOCUS C-MAX',35),
(657,'FREESTAR',35),
(658,'FREESTYLE',35),
(659,'FUSION',35),
(660,'GALAXY',35),
(661,'GRANADA',35),
(662,'GRAND C-MAX',35),
(663,'GT',35),
(664,'KA',35),
(665,'KA+',35),
(666,'KUGA',35),
(667,'MAVERICK',35),
(668,'MERCURY',35),
(669,'MONDEO',35),
(670,'MUSTANG',35),
(671,'MUSTANG MACH-E',35),
(672,'ORION',35),
(673,'PROBE',35),
(674,'PUMA',35),
(675,'RANCHERO',35),
(676,'RANGER',35),
(677,'RANGER RAPTOR',35),
(678,'S-MAX',35),
(679,'SCORPIO',35),
(680,'SIERRA',35),
(681,'STREETKA',35),
(682,'TAUNUS',35),
(683,'TAURUS',35),
(684,'TEMPO',35),
(685,'THUNDERBIRD',35),
(686,'TOURNEO CONNECT',35),
(687,'TOURNEO CONNECT GRAND',35),
(688,'TOURNEO COURIER',35),
(689,'TOURNEO CUSTOM',35),
(690,'TRANSIT',35),
(691,'TRANSIT CONNECT',35),
(692,'TRANSIT COURIER',35),
(693,'TRANSIT CUSTOM',35),
(694,'WINDSTAR',35),
(695,'INNY',35),
(696,'67',36),
(697,'69',36),
(698,'INNY',36),
(699,'AZKARRA',37),
(700,'CK',37),
(701,'COOLRAY',37),
(702,'EMGRAND',37),
(703,'GEOMETRY C',37),
(704,'MONJARO',37),
(705,'NEW COOLRAY',37),
(706,'OKAVANGO',37),
(707,'TUGELLA',37),
(708,'INNY',37),
(709,'ELECTRIFIED G80',38),
(710,'ELECTRIFIED GV70',38),
(711,'G70',38),
(712,'G80',38),
(713,'G90',38),
(714,'GV60',38),
(715,'GV70',38),
(716,'GV80',38),
(717,'INNY',38),
(718,'ACADIA',39),
(719,'ENVOY',39),
(720,'SAFARI',39),
(721,'SAVANA',39),
(722,'SIERRA',39),
(723,'SONOMA',39),
(724,'SYCLONE',39),
(725,'TERRAIN',39),
(726,'TYPHOON',39),
(727,'VANDURA',39),
(728,'YUKON',39),
(729,'INNY',39),
(730,'ALTUL',40),
(731,'COWRY',40),
(732,'HAVAL H5',40),
(733,'HOVER',40),
(734,'STEED',40),
(735,'VOLEEX',40),
(736,'INNY',40),
(737,'ACCORD',41),
(738,'AERODECK',41),
(739,'CITY',41),
(740,'CIVIC',41),
(741,'CONCERTO',41),
(742,'CR-V',41),
(743,'CR-Z',41),
(744,'CRX',41),
(745,'E',41),
(746,'E:NP1',41),
(747,'E:NSP1',41),
(748,'E:NY1',41),
(749,'ELEMENT',41),
(750,'FR-V',41),
(751,'HR-V',41),
(752,'INSIGHT',41),
(753,'INTEGRA',41),
(754,'JAZZ',41),
(755,'LEGEND',41),
(756,'LOGO',41),
(757,'NSX',41),
(758,'ODYSSEY',41),
(759,'PILOT',41),
(760,'PRELUDE',41),
(761,'RIDGELINE',41),
(762,'S 2000',41),
(763,'SHUTTLE',41),
(764,'STREAM',41),
(765,'ZR-V',41),
(766,'INNY',41),
(767,'E-HS9',42),
(768,'H5',42),
(769,'H7',42),
(770,'H9',42),
(771,'HS5',42),
(772,'HS7',42),
(773,'INNY',42),
(774,'H1',43),
(775,'H2',43),
(776,'H3',43),
(777,'INNY',43),
(778,'ACCENT',44),
(779,'ATOS',44),
(780,'AVANTE',44),
(781,'AZERA',44),
(782,'BAYON',44),
(783,'COUPE',44),
(784,'ELANTRA',44),
(785,'EQUUS',44),
(786,'EXCEL',44),
(787,'GALLOPER',44),
(788,'GENESIS',44),
(789,'GENESIS COUPE',44),
(790,'GETZ',44),
(791,'GRANDEUR',44),
(792,'GRAND SANTA FE',44),
(793,'H-1',44),
(794,'H-1 STAREX',44),
(795,'H200',44),
(796,'H350',44),
(797,'I10',44),
(798,'I20',44),
(799,'I25',44),
(800,'I30',44),
(801,'I30 N',44),
(802,'I40',44),
(803,'IONIQ',44),
(804,'IONIQ 5',44),
(805,'IONIQ 6',44),
(806,'IX20',44),
(807,'IX35',44),
(808,'IX55',44),
(809,'KONA',44),
(810,'LANTRA',44),
(811,'MATRIX',44),
(812,'PALISADE',44),
(813,'PONY',44),
(814,'S-COUPE',44),
(815,'SANTA FE',44),
(816,'SANTAMO',44),
(817,'SONATA',44),
(818,'SONICA',44),
(819,'TERRACAN',44),
(820,'TRAJET',44),
(821,'TUCSON',44),
(822,'VELOSTER',44),
(823,'VERACRUZ',44),
(824,'XG 30',44),
(825,'XG 350',44),
(826,'INNY',44),
(827,'GRENADIER',45),
(828,'QUARTERMASTER',45),
(829,'INNY',45),
(830,'CAMPO',46),
(831,'D-MAX',46),
(832,'GEMINI',46),
(833,'MIDI',46),
(834,'PICK UP',46),
(835,'TROOPER',46),
(836,'INNY',46),
(837,'DAILY',47),
(838,'MASSIF',47),
(839,'INNY',47),
(840,'DAIMLER',48),
(841,'E-PACE',48),
(842,'E-TYPE',48),
(843,'F-PACE',48),
(844,'F-TYPE',48),
(845,'I-PACE',48),
(846,'MK II',48),
(847,'S-TYPE',48),
(848,'X-TYPE',48),
(849,'XE',48),
(850,'XF',48),
(851,'XJ',48),
(852,'XJR',48),
(853,'XJS',48),
(854,'XK',48),
(855,'XK8',48),
(856,'INNY',48),
(857,'AVENGER',49),
(858,'CHEROKEE',49),
(859,'CJ',49),
(860,'COMANCHE',49),
(861,'COMMANDER',49),
(862,'COMPASS',49),
(863,'GLADIATOR',49),
(864,'GRAND CHEROKEE',49),
(865,'LIBERTY',49),
(866,'PATRIOT',49),
(867,'RENEGADE',49),
(868,'WAGONEER',49),
(869,'WILLYS',49),
(870,'WRANGLER',49),
(871,'INNY',49),
(872,'ASIA ROCSTA',50),
(873,'BESTA',50),
(874,'CADENZA',50),
(875,'CARENS',50),
(876,'CARNIVAL',50),
(877,'CEED',50),
(878,'CERATO',50),
(879,'CLARUS',50),
(880,'ELAN',50),
(881,'EV6',50),
(882,'EV9',50),
(883,'JOICE',50),
(884,'LEO',50),
(885,'MAGENTIS',50),
(886,'MENTOR',50),
(887,'NIRO',50),
(888,'OPIRUS',50),
(889,'OPTIMA',50),
(890,'PICANTO',50),
(891,'PREGIO',50),
(892,'PRIDE',50),
(893,'PRO_CEE'D',50),
(894,'RETONA',50),
(895,'RIO',50),
(896,'ROADSTER',50),
(897,'ROCSTA',50),
(898,'SEDONA',50),
(899,'SEPHIA',50),
(900,'SHUMA',50),
(901,'SORENTO',50),
(902,'SOUL',50),
(903,'SPECTRA',50),
(904,'SPORTAGE',50),
(905,'STINGER',50),
(906,'STONIC',50),
(907,'VENGA',50),
(908,'XCEED',50),
(909,'INNY',50),
(910,'X-BOW',51),
(911,'INNY',51),
(912,'110',52),
(913,'111',52),
(914,'112',52),
(915,'1117',52),
(916,'1118',52),
(917,'1119',52),
(918,'1200',52),
(919,'1300',52),
(920,'1500',52),
(921,'2101',52),
(922,'2103',52),
(923,'2104',52),
(924,'2105',52),
(925,'2106',52),
(926,'2107',52),
(927,'2108',52),
(928,'2109',52),
(929,'2110',52),
(930,'2111',52),
(931,'2112',52),
(932,'2170',52),
(933,'ALEKO',52),
(934,'FORMA',52),
(935,'GRANTA',52),
(936,'KALINA',52),
(937,'NIVA',52),
(938,'NOVA',52),
(939,'PRIORA',52),
(940,'SAMARA',52),
(941,'INNY',52),
(942,'AVENTADOR',53),
(943,'COUNTACH',53),
(944,'DIABLO',53),
(945,'ESPADA',53),
(946,'GALLARDO',53),
(947,'HURACAN',53),
(948,'JALPA',53),
(949,'LM',53),
(950,'MIURA',53),
(951,'MURCIELAGO',53),
(952,'URRACO',53),
(953,'URUS',53),
(954,'INNY',53),
(955,'BETA',54),
(956,'DEDRA',54),
(957,'DELTA',54),
(958,'FLAMINA',54),
(959,'FULVIA',54),
(960,'GAMMA',54),
(961,'KAPPA',54),
(962,'LYBRA',54),
(963,'MUSA',54),
(964,'PHEDRA',54),
(965,'PRISMA',54),
(966,'STRATOS',54),
(967,'THEMA',54),
(968,'THESIS',54),
(969,'VOYAGER',54),
(970,'YPSILON',54),
(971,'ZETA',54),
(972,'INNY',54),
(973,'CT',55),
(974,'ES',55),
(975,'GS',55),
(976,'GX',55),
(977,'HS 250H',55),
(978,'IS',55),
(979,'LBX',55),
(980,'LC',55),
(981,'LFA',55),
(982,'LM',55),
(983,'LS',55),
(984,'LX',55),
(985,'NX',55),
(986,'RC',55),
(987,'RX',55),
(988,'RZ',55),
(989,'SC',55),
(990,'UX',55),
(991,'INNY',55),
(992,'ALTUL',56),
(993,'AMBRA',56),
(994,'BE-TWO',56),
(995,'BE-UP',56),
(996,'IXO',56),
(997,'JS49',56),
(998,'JS50',56),
(999,'JS50L',56),
(1000,'JS60',56),
(1001,'JS RC',56),
(1002,'NOVA',56),
(1003,'OPTIMA',56),
(1004,'X-TOO',56),
(1005,'X-TOO MAX',56),
(1006,'X-TOO R',56),
(1007,'X-TOO RS',56),
(1008,'X-TOO S',56),
(1009,'INNY',56),
(1010,'AVIATOR',57),
(1011,'CONTINENTAL',57),
(1012,'LS',57),
(1013,'MARK',57),
(1014,'MARK LT',57),
(1015,'MKX',57),
(1016,'MKZ',57),
(1017,'NAVIGATOR',57),
(1018,'TOWN CAR',57),
(1019,'INNY',57),
(1020,'340R',58),
(1021,'CORTINA',58),
(1022,'ELAN',58),
(1023,'ELISE',58),
(1024,'ELITE',58),
(1025,'ESPRIT',58),
(1026,'EUROPA',58),
(1027,'EVORA',58),
(1028,'EXCEL',58),
(1029,'EXIGE',58),
(1030,'SUPER SEVEN',58),
(1031,'V8',58),
(1032,'INNY',58),
(1033,'TGE',59),
(1034,'INNY',59),
(1035,'224',60),
(1036,'3200',60),
(1037,'BITURBO',60),
(1038,'COUPE',60),
(1039,'GHIBLI',60),
(1040,'GRANCABRIO',60),
(1041,'GRANSPORT',60),
(1042,'GRANTURISMO',60),
(1043,'GRECALE',60),
(1044,'LEVANTE',60),
(1045,'MC20',60),
(1046,'MC20 CIELO',60),
(1047,'MERAK',60),
(1048,'QUATTROPORTE',60),
(1049,'SHAMAL',60),
(1050,'SPYDER',60),
(1051,'INNY',60),
(1052,'ET90',61),
(1053,'EUNIQ 5',61),
(1054,'EUNIQ 6',61),
(1055,'MIFA 9',61),
(1056,'INNY',61),
(1057,'57',62),
(1058,'62',62),
(1059,'INNY',62),
(1060,'2',63),
(1061,'3',63),
(1062,'5',63),
(1063,'6',63),
(1064,'121',63),
(1065,'323',63),
(1066,'323F',63),
(1067,'626',63),
(1068,'929',63),
(1069,'BONGO',63),
(1070,'BT-50',63),
(1071,'CX-3',63),
(1072,'CX-5',63),
(1073,'CX-7',63),
(1074,'CX-9',63),
(1075,'CX-30',63),
(1076,'CX-60',63),
(1077,'DEMIO',63),
(1078,'MILLENIA',63),
(1079,'MPV',63),
(1080,'MX-3',63),
(1081,'MX-5',63),
(1082,'MX-6',63),
(1083,'MX-30',63),
(1084,'PREMACY',63),
(1085,'PROTEGE',63),
(1086,'RX-6',63),
(1087,'RX-7',63),
(1088,'RX-8',63),
(1089,'SERIA B',63),
(1090,'SERIA E',63),
(1091,'TRIBUTE',63),
(1092,'XEDOS',63),
(1093,'INNY',63),
(1094,'570 GT',64),
(1095,'570S COUPE',64),
(1096,'600LT COUPE',64),
(1097,'600LT SPIDER',64),
(1098,'650S',64),
(1099,'675LT',64),
(1100,'720S COUPE',64),
(1101,'720S SPIDER',64),
(1102,'765LT SPIDER',64),
(1103,'ALTUL',64),
(1104,'ARTURA',64),
(1105,'GT',64),
(1106,'MP4-12C',64),
(1107,'INNY',64),
(1108,'280',65),
(1109,'AMG GT',65),
(1110,'CITAN',65),
(1111,'CL',65),
(1112,'CLA',65),
(1113,'CLC',65),
(1114,'CLE',65),
(1115,'CLK',65),
(1116,'CLS',65),
(1117,'EQA',65),
(1118,'EQB',65),
(1119,'EQC',65),
(1120,'EQE',65),
(1121,'EQS',65),
(1122,'EQV',65),
(1123,'GL',65),
(1124,'GLA',65),
(1125,'GLB',65),
(1126,'GLC',65),
(1127,'GLE',65),
(1128,'GLK',65),
(1129,'GLS',65),
(1130,'KLASA A',65),
(1131,'KLASA B',65),
(1132,'KLASA C',65),
(1133,'KLASA E',65),
(1134,'KLASA G',65),
(1135,'KLASA R',65),
(1136,'KLASA S',65),
(1137,'KLASA T',65),
(1138,'KLASA V',65),
(1139,'KLASA X',65),
(1140,'MB 100',65),
(1141,'ML',65),
(1142,'MONARCH',65),
(1143,'S650L MAYBACH',65),
(1144,'SL',65),
(1145,'SLC',65),
(1146,'SLK',65),
(1147,'SLR',65),
(1148,'SLS',65),
(1149,'SPRINTER',65),
(1150,'VANEO',65),
(1151,'VARIO',65),
(1152,'VIANO',65),
(1153,'VITO',65),
(1154,'W123',65),
(1155,'W124 (1984-1993)',65),
(1156,'W201 (190)',65),
(1157,'INNY',65),
(1158,'COMET',66),
(1159,'COUGAR',66),
(1160,'MARAUDER',66),
(1161,'MARINER',66),
(1162,'MARQUIS',66),
(1163,'MILAN',66),
(1164,'MONTEGO',66),
(1165,'MONTEREY',66),
(1166,'MOUNTAINEER',66),
(1167,'SABLE',66),
(1168,'TRACER',66),
(1169,'VILLAGER',66),
(1170,'ZEPHYR',66),
(1171,'INNY',66),
(1172,'F',67),
(1173,'MGA',67),
(1174,'MGB',67),
(1175,'MGF',67),
(1176,'MIDGET',67),
(1177,'MONTEGO',67),
(1178,'TD',67),
(1179,'TF',67),
(1180,'ZR',67),
(1181,'ZS',67),
(1182,'ZT',67),
(1183,'INNY',67),
(1184,'CARGO',68),
(1185,'DUE',68),
(1186,'DUE FIRST',68),
(1187,'FLEX',68),
(1188,'HIGHLAND X',68),
(1189,'LIGIER',68),
(1190,'M.CROSS',68),
(1191,'M.GO',68),
(1192,'MC',68),
(1193,'VIRGO',68),
(1194,'INNY',68),
(1195,'1000',69),
(1196,'1300',69),
(1197,'CLUBMAN',69),
(1198,'COOPER',69),
(1199,'COOPER S',69),
(1200,'COUNTRYMAN',69),
(1201,'JOHN COOPER WORKS',69),
(1202,'ONE',69),
(1203,'PACEMAN',69),
(1204,'INNY',69),
(1205,'3000GT',70),
(1206,'ASX',70),
(1207,'CANTER',70),
(1208,'CARISMA',70),
(1209,'COLT',70),
(1210,'CORDIA',70),
(1211,'COSMOS',70),
(1212,'DIAMANTE',70),
(1213,'ECLIPSE',70),
(1214,'ECLIPSE CROSS',70),
(1215,'ENDEAVOR',70),
(1216,'FTO',70),
(1217,'GALANT',70),
(1218,'GALLOPER',70),
(1219,'GRANDIS',70),
(1220,'I-MIEV',70),
(1221,'L200',70),
(1222,'L300',70),
(1223,'L400',70),
(1224,'LANCER',70),
(1225,'LANCER EVOLUTION',70),
(1226,'MONTERO',70),
(1227,'OUTLANDER',70),
(1228,'PAJERO',70),
(1229,'PAJERO PININ',70),
(1230,'SANTAMO',70),
(1231,'SAPPORO',70),
(1232,'SIGMA',70),
(1233,'SPACE GEAR',70),
(1234,'SPACE RUNNER',70),
(1235,'SPACE STAR',70),
(1236,'SPACE WAGON',70),
(1237,'STARION',70),
(1238,'TREDIA',70),
(1239,'INNY',70),
(1240,'EL7',71),
(1241,'ET5',71),
(1242,'ET7',71),
(1243,'INNY',71),
(1244,'100 NX',72),
(1245,'200 SX',72),
(1246,'240 SX',72),
(1247,'280 ZX',72),
(1248,'300 ZX',72),
(1249,'350 Z',72),
(1250,'370 Z',72),
(1251,'ALMERA',72),
(1252,'ALMERA TINO',72),
(1253,'ALTIMA',72),
(1254,'ARIYA',72),
(1255,'ARMADA',72),
(1256,'BLUEBIRD',72),
(1257,'CHERRY',72),
(1258,'CUBE',72),
(1259,'FRONTIER',72),
(1260,'GT-R',72),
(1261,'INTERSTAR',72),
(1262,'JUKE',72),
(1263,'KING CAB',72),
(1264,'KUBISTAR',72),
(1265,'LAUREL',72),
(1266,'LEAF',72),
(1267,'MAXIMA',72),
(1268,'MICRA',72),
(1269,'MURANO',72),
(1270,'NAVARA',72),
(1271,'NOTE',72),
(1272,'NP300 PICKUP',72),
(1273,'NV200',72),
(1274,'NV300',72),
(1275,'NV400',72),
(1276,'PATHFINDER',72),
(1277,'PATROL',72),
(1278,'PICKUP',72),
(1279,'PIXO',72),
(1280,'PRAIRIE',72),
(1281,'PRIMASTAR',72),
(1282,'PRIMERA',72),
(1283,'PULSAR',72),
(1284,'QASHQAI',72),
(1285,'QASHQAI+2',72),
(1286,'QUEST',72),
(1287,'ROGUE',72),
(1288,'SENTRA',72),
(1289,'SERENA',72),
(1290,'SILVIA',72),
(1291,'SKYLINE',72),
(1292,'STANZA',72),
(1293,'SUNNY',72),
(1294,'TERRANO',72),
(1295,'TIIDA',72),
(1296,'TITAN',72),
(1297,'TOWNSTAR',72),
(1298,'TRADE',72),
(1299,'URVAN',72),
(1300,'VANETTE',72),
(1301,'X-TRAIL',72),
(1302,'XTERRA',72),
(1303,'INNY',72),
(1304,'SERIA 500',73),
(1305,'SERIA N',73),
(1306,'INNY',73),
(1307,'ALERO',74),
(1308,'AURORA',74),
(1309,'BRAVADA',74),
(1310,'CUSTOM CRUISER',74),
(1311,'CUTLASS',74),
(1312,'DELTA 88',74),
(1313,'EIGHTY - EIGHT',74),
(1314,'INTRIGUE',74),
(1315,'REGENCY',74),
(1316,'SILHOUETTE',74),
(1317,'SUPREME',74),
(1318,'TORONADO',74),
(1319,'INNY',74),
(1320,'ADAM',75),
(1321,'AGILA',75),
(1322,'AMPERA',75),
(1323,'ANTARA',75),
(1324,'ARENA',75),
(1325,'ASCONA',75),
(1326,'ASTRA',75),
(1327,'CALIBRA',75),
(1328,'CAMPO',75),
(1329,'CASCADA',75),
(1330,'COMBO',75),
(1331,'COMMODORE',75),
(1332,'CORSA',75),
(1333,'CROSSLAND',75),
(1334,'CROSSLAND X',75),
(1335,'DIPLOMAT',75),
(1336,'FRONTERA',75),
(1337,'GRANDLAND',75),
(1338,'GRANDLAND X',75),
(1339,'GT',75),
(1340,'INSIGNIA',75),
(1341,'KADETT',75),
(1342,'KARL',75),
(1343,'MANTA',75),
(1344,'MERIVA',75),
(1345,'MOKKA',75),
(1346,'MONTEREY',75),
(1347,'MONZA',75),
(1348,'MOVANO',75),
(1349,'NOVA',75),
(1350,'OMEGA',75),
(1351,'PICK UP SPORTCAP',75),
(1352,'REKORD',75),
(1353,'SENATOR',75),
(1354,'SIGNUM',75),
(1355,'SINTRA',75),
(1356,'SPEEDSTER',75),
(1357,'TIGRA',75),
(1358,'VECTRA',75),
(1359,'VIVARO',75),
(1360,'ZAFIRA',75),
(1361,'INNY',75),
(1362,'104',76),
(1363,'106',76),
(1364,'107',76),
(1365,'108',76),
(1366,'204',76),
(1367,'205',76),
(1368,'206',76),
(1369,'206 CC',76),
(1370,'206 PLUS',76),
(1371,'207',76),
(1372,'207 CC',76),
(1373,'208',76),
(1374,'301',76),
(1375,'304',76),
(1376,'305',76),
(1377,'306',76),
(1378,'307',76),
(1379,'307 CC',76),
(1380,'308',76),
(1381,'308 CC',76),
(1382,'309',76),
(1383,'395',76),
(1384,'404',76),
(1385,'405',76),
(1386,'406',76),
(1387,'407',76),
(1388,'408',76),
(1389,'504',76),
(1390,'505',76),
(1391,'508',76),
(1392,'604',76),
(1393,'605',76),
(1394,'607',76),
(1395,'806',76),
(1396,'807',76),
(1397,'1007',76),
(1398,'2008',76),
(1399,'3008',76),
(1400,'4007',76),
(1401,'4008',76),
(1402,'5008',76),
(1403,'BIPPER',76),
(1404,'BOXER',76),
(1405,'EXPERT',76),
(1406,'ION',76),
(1407,'PARTNER',76),
(1408,'RCZ',76),
(1409,'RIFTER',76),
(1410,'TRAVELLER',76),
(1411,'INNY',76),
(1412,'BELVEDERE',77),
(1413,'CARAVELLE',77),
(1414,'DUSTER',77),
(1415,'FURY',77),
(1416,'GRAND VOYAGER',77),
(1417,'GRAN FURY',77),
(1418,'GTX',77),
(1419,'HORIZON',77),
(1420,'LASER',77),
(1421,'PROWLER',77),
(1422,'ROAD RUNNER',77),
(1423,'SATELLITE',77),
(1424,'SUPERBIRD',77),
(1425,'TURISMO',77),
(1426,'VALIANT',77),
(1427,'VOYAGER',77),
(1428,'INNY',77),
(1429,'1',78),
(1430,'2',78),
(1431,'3',78),
(1432,'INNY',78),
(1433,'1.5',79),
(1434,'1.6',79),
(1435,'ATU',79),
(1436,'CARO',79),
(1437,'INNY',79),
(1438,'1000',80),
(1439,'6000',80),
(1440,'BONNEVILLE',80),
(1441,'CATALINA',80),
(1442,'CHIEFTAIN',80),
(1443,'FIERO',80),
(1444,'FIREBIRD',80),
(1445,'G6',80),
(1446,'GRAND-AM',80),
(1447,'GRAND-PRIX',80),
(1448,'GTO',80),
(1449,'LE MANS',80),
(1450,'MONTANA',80),
(1451,'SOLSTICE',80),
(1452,'SUNBIRD',80),
(1453,'SUNFIRE',80),
(1454,'TRANS AM',80),
(1455,'TRANS SPORT',80),
(1456,'VIBE',80),
(1457,'INNY',80),
(1458,'356',81),
(1459,'718 BOXSTER',81),
(1460,'718 CAYMAN',81),
(1461,'718 SPYDER',81),
(1462,'911',81),
(1463,'912',81),
(1464,'914',81),
(1465,'924',81),
(1466,'928',81),
(1467,'944',81),
(1468,'959',81),
(1469,'962',81),
(1470,'968',81),
(1471,'BOXSTER',81),
(1472,'CARRERA GT',81),
(1473,'CAYENNE',81),
(1474,'CAYMAN',81),
(1475,'MACAN',81),
(1476,'PANAMERA',81),
(1477,'TAYCAN',81),
(1478,'INNY',81),
(1479,'1500',82),
(1480,'2500',82),
(1481,'3500',82),
(1482,'INNY',82),
(1483,'4',83),
(1484,'5',83),
(1485,'8',83),
(1486,'9',83),
(1487,'10',83),
(1488,'11',83),
(1489,'12',83),
(1490,'14',83),
(1491,'18',83),
(1492,'19',83),
(1493,'20',83),
(1494,'21',83),
(1495,'25',83),
(1496,'30',83),
(1497,'ALASKAN',83),
(1498,'ALPINE A110',83),
(1499,'ALPINE A310',83),
(1500,'ALPINE V6',83),
(1501,'ARKANA',83),
(1502,'AUSTRAL',83),
(1503,'AVANTIME',83),
(1504,'CAPTUR',83),
(1505,'CLIO',83),
(1506,'COUPE',83),
(1507,'ESPACE',83),
(1508,'EXPRESS',83),
(1509,'FLUENCE',83),
(1510,'FUEGO',83),
(1511,'GRAND ESPACE',83),
(1512,'GRAND SCENIC',83),
(1513,'KADJAR',83),
(1514,'KANGOO',83),
(1515,'KOLEOS',83),
(1516,'LAGUNA',83),
(1517,'LATITUDE',83),
(1518,'MASTER',83),
(1519,'MEGANE',83),
(1520,'MODUS',83),
(1521,'SAFRANE',83),
(1522,'SCENIC',83),
(1523,'SCENIC CONQUEST',83),
(1524,'SCENIC RX4',83),
(1525,'SYMBOL',83),
(1526,'TALISMAN',83),
(1527,'THALIA',83),
(1528,'TRAFIC',83),
(1529,'TWINGO',83),
(1530,'TWIZY',83),
(1531,'VEL SATIS',83),
(1532,'WIND',83),
(1533,'ZOE',83),
(1534,'INNY',83),
(1535,'CORNICHE',84),
(1536,'CULLINAN',84),
(1537,'DAWN',84),
(1538,'FLYING SPUR',84),
(1539,'GHOST',84),
(1540,'PARK WARD',84),
(1541,'PHANTOM',84),
(1542,'SILVER CLOUD',84),
(1543,'SILVER DOWN',84),
(1544,'SILVER SERAPH',84),
(1545,'SILVER SHADOW',84),
(1546,'SILVER SPIRIT',84),
(1547,'SILVER SPUR',84),
(1548,'TOURING LIMOUSINE',84),
(1549,'WRAITH',84),
(1550,'INNY',84),
(1551,'25',85),
(1552,'45',85),
(1553,'75',85),
(1554,'100',85),
(1555,'111',85),
(1556,'114',85),
(1557,'115',85),
(1558,'200',85),
(1559,'213',85),
(1560,'214',85),
(1561,'216',85),
(1562,'218',85),
(1563,'220',85),
(1564,'400',85),
(1565,'414',85),
(1566,'416',85),
(1567,'418',85),
(1568,'420',85),
(1569,'600',85),
(1570,'618',85),
(1571,'620',85),
(1572,'623',85),
(1573,'800',85),
(1574,'820',85),
(1575,'825',85),
(1576,'827',85),
(1577,'CITY ROVER',85),
(1578,'METRO',85),
(1579,'MG',85),
(1580,'MINI',85),
(1581,'MONTEGO',85),
(1582,'SD',85),
(1583,'STREETWISE',85),
(1584,'INNY',85),
(1585,'9-2X',86),
(1586,'9-3',86),
(1587,'9-3X',86),
(1588,'9-5',86),
(1589,'9-7X',86),
(1590,'90',86),
(1591,'96',86),
(1592,'99',86),
(1593,'900',86),
(1594,'9000',86),
(1595,'INNY',86),
(1596,'ALHAMBRA',87),
(1597,'ALTEA',87),
(1598,'ALTEA XL',87),
(1599,'ARONA',87),
(1600,'AROSA',87),
(1601,'ATECA',87),
(1602,'CORDOBA',87),
(1603,'EXEO',87),
(1604,'IBIZA',87),
(1605,'INCA',87),
(1606,'LEON',87),
(1607,'MALAGA',87),
(1608,'MARBELLA',87),
(1609,'MII',87),
(1610,'RONDA',87),
(1611,'TARRACO',87),
(1612,'TERRA',87),
(1613,'TOLEDO',87),
(1614,'INNY',87),
(1615,'3',88),
(1616,'SF5',88),
(1617,'INNY',88),
(1618,'100',89),
(1619,'105',89),
(1620,'120',89),
(1621,'130',89),
(1622,'135',89),
(1623,'CITIGO',89),
(1624,'ENYAQ',89),
(1625,'FABIA',89),
(1626,'FAVORIT',89),
(1627,'FELICIA',89),
(1628,'FORMAN',89),
(1629,'KAMIQ',89),
(1630,'KAROQ',89),
(1631,'KODIAQ',89),
(1632,'OCTAVIA',89),
(1633,'PRAKTIK',89),
(1634,'RAPID',89),
(1635,'ROOMSTER',89),
(1636,'SCALA',89),
(1637,'SUPERB',89),
(1638,'YETI',89),
(1639,'INNY',89),
(1640,'CROSSBLADE',90),
(1641,'FORFOUR',90),
(1642,'FORTWO',90),
(1643,'ROADSTER',90),
(1644,'ROOMSTER',90),
(1645,'INNY',90),
(1646,'ACTYON',91),
(1647,'FAMILY',91),
(1648,'KORANDO',91),
(1649,'KYRON',91),
(1650,'MUSSO',91),
(1651,'REXTON',91),
(1652,'RODIUS',91),
(1653,'TIVOLI',91),
(1654,'TIVOLI GRAND',91),
(1655,'TORRES',91),
(1656,'XLV',91),
(1657,'INNY',91),
(1658,'1800 COUPE',92),
(1659,'ASCENT',92),
(1660,'B9 TRIBECA',92),
(1661,'BAJA',92),
(1662,'BRZ',92),
(1663,'FORESTER',92),
(1664,'G3X JUSTY',92),
(1665,'IMPREZA',92),
(1666,'JUSTY',92),
(1667,'LEGACY',92),
(1668,'LEONE',92),
(1669,'LEVORG',92),
(1670,'OUTBACK',92),
(1671,'SOLTERRA',92),
(1672,'SVX',92),
(1673,'TREZIA',92),
(1674,'TRIBECA',92),
(1675,'VIVIO',92),
(1676,'WRX',92),
(1677,'XT',92),
(1678,'XV',92),
(1679,'INNY',92),
(1680,'ACROSS',93),
(1681,'ALTO',93),
(1682,'BALENO',93),
(1683,'CAPPUCINO',93),
(1684,'CARRY',93),
(1685,'CELERIO',93),
(1686,'GRAND VITARA',93),
(1687,'IGNIS',93),
(1688,'JIMNY',93),
(1689,'KIZASHI',93),
(1690,'LIANA',93),
(1691,'LJ',93),
(1692,'RENO',93),
(1693,'SAMURAI',93),
(1694,'SJ',93),
(1695,'SPLASH',93),
(1696,'SUPER-CARRY',93),
(1697,'SWACE',93),
(1698,'SWIFT',93),
(1699,'SX4',93),
(1700,'SX4 S-CROSS',93),
(1701,'VITARA',93),
(1702,'WAGON R+',93),
(1703,'X-90',93),
(1704,'XL7',93),
(1705,'INNY',93),
(1706,'101',94),
(1707,'102',94),
(1708,'103',94),
(1709,'104',94),
(1710,'105',94),
(1711,'BOSTO',94),
(1712,'R-20',94),
(1713,'INNY',94),
(1714,'INDICA',95),
(1715,'INDIGO',95),
(1716,'NANO',95),
(1717,'SAFARI',95),
(1718,'XENON',95),
(1719,'INNY',95),
(1720,'MODEL 3',96),
(1721,'MODEL S',96),
(1722,'MODEL X',96),
(1723,'ROADSTER',96),
(1724,'Y',96),
(1725,'INNY',96),
(1726,'4-RUNNER',97),
(1727,'AURIS',97),
(1728,'AVALON',97),
(1729,'AVENSIS',97),
(1730,'AVENSIS VERSO',97),
(1731,'AYGO',97),
(1732,'AYGO X',97),
(1733,'BZ4X',97),
(1734,'C-HR',97),
(1735,'CAMRY',97),
(1736,'CAMRY SOLARA',97),
(1737,'CARINA',97),
(1738,'CELICA',97),
(1739,'COROLLA',97),
(1740,'COROLLA CROSS',97),
(1741,'COROLLA VERSO',97),
(1742,'CRESSIDA',97),
(1743,'CROWN',97),
(1744,'DYNA',97),
(1745,'FJ',97),
(1746,'GR86',97),
(1747,'GT86',97),
(1748,'HIACE',97),
(1749,'HIGHLANDER',97),
(1750,'HILUX',97),
(1751,'IQ',97),
(1752,'LAND CRUISER',97),
(1753,'LITE-ACE',97),
(1754,'MATRIX',97),
(1755,'MIRAI',97),
(1756,'MR2',97),
(1757,'PASEO',97),
(1758,'PICNIC',97),
(1759,'PREVIA',97),
(1760,'PRIUS',97),
(1761,'PRIUS+',97),
(1762,'PROACE',97),
(1763,'PROACE CITY',97),
(1764,'PROACE CITY VERSO',97),
(1765,'PROACE VERSO',97),
(1766,'RAV4',97),
(1767,'SEQUOIA',97),
(1768,'SIENNA',97),
(1769,'STARLET',97),
(1770,'SUPRA',97),
(1771,'TACOMA',97),
(1772,'TERCEL',97),
(1773,'TUNDRA',97),
(1774,'URBAN CRUISER',97),
(1775,'VENZA',97),
(1776,'VERSO',97),
(1777,'VERSO S',97),
(1778,'YARIS',97),
(1779,'YARIS CROSS',97),
(1780,'YARIS VERSO',97),
(1781,'INNY',97),
(1782,'601',98),
(1783,'P 50',98),
(1784,'INNY',98),
(1785,'DOLOMITE',99),
(1786,'MOSS',99),
(1787,'SPITFIRE',99),
(1788,'TR3',99),
(1789,'TR4',99),
(1790,'TR5',99),
(1791,'TR6',99),
(1792,'TR7',99),
(1793,'TR8',99),
(1794,'INNY',99),
(1795,'452',100),
(1796,'469 B',100),
(1797,'3153',100),
(1798,'3162',100),
(1799,'INNY',100),
(1800,'ASTRA',101),
(1801,'FRONTERA',101),
(1802,'OMEGA',101),
(1803,'VECTRA',101),
(1804,'VIVARO',101),
(1805,'INNY',101),
(1806,'181',102),
(1807,'AMAROK',102),
(1808,'ARTEON',102),
(1809,'ATLAS',102),
(1810,'BEETLE',102),
(1811,'BORA',102),
(1812,'BUGGY',102),
(1813,'CADDY',102),
(1814,'CALIFORNIA',102),
(1815,'CARAVELLE',102),
(1816,'CC',102),
(1817,'CORRADO',102),
(1818,'CRAFTER',102),
(1819,'EOS',102),
(1820,'FOX',102),
(1821,'GARBUS',102),
(1822,'GOLF',102),
(1823,'GOLF PLUS',102),
(1824,'GOLF SPORTSVAN',102),
(1825,'ID.3',102),
(1826,'ID.4',102),
(1827,'ID.5',102),
(1828,'ID.6',102),
(1829,'ID.7',102),
(1830,'ID.BUZZ',102),
(1831,'ILTIS',102),
(1832,'JETTA',102),
(1833,'KAFER',102),
(1834,'KARMANN GHIA',102),
(1835,'LT',102),
(1836,'LUPO',102),
(1837,'MULTIVAN',102),
(1838,'NEW BEETLE',102),
(1839,'PASSAT',102),
(1840,'PASSAT CC',102),
(1841,'PHAETON',102),
(1842,'POLO',102),
(1843,'ROUTAN',102),
(1844,'SANTANA',102),
(1845,'SCIROCCO',102),
(1846,'SHARAN',102),
(1847,'T-CROSS',102),
(1848,'T-ROC',102),
(1849,'TAIGO',102),
(1850,'TERAMONT',102),
(1851,'TIGUAN',102),
(1852,'TIGUAN ALLSPACE',102),
(1853,'TOUAREG',102),
(1854,'TOURAN',102),
(1855,'TRANSPORTER',102),
(1856,'UP!',102),
(1857,'VENTO',102),
(1858,'INNY',102),
(1859,'245',103),
(1860,'262',103),
(1861,'340',103),
(1862,'744',103),
(1863,'745',103),
(1864,'780',103),
(1865,'850',103),
(1866,'855',103),
(1867,'945',103),
(1868,'965',103),
(1869,'C30',103),
(1870,'C40',103),
(1871,'C70',103),
(1872,'EX30',103),
(1873,'EX90',103),
(1874,'MY23',103),
(1875,'P1800',103),
(1876,'POLAR',103),
(1877,'S40',103),
(1878,'S60',103),
(1879,'S70',103),
(1880,'S80',103),
(1881,'S90',103),
(1882,'SERIA 200',103),
(1883,'SERIA 300',103),
(1884,'SERIA 400',103),
(1885,'SERIA 700',103),
(1886,'SERIA 900',103),
(1887,'V40',103),
(1888,'V50',103),
(1889,'V60',103),
(1890,'V60 CROSS COUNTRY',103),
(1891,'V70',103),
(1892,'V90',103),
(1893,'V90 CROSS COUNTRY',103),
(1894,'XC 40',103),
(1895,'XC 60',103),
(1896,'XC 70',103),
(1897,'XC 90',103),
(1898,'INNY',103),
(1899,'203',104),
(1900,'204',104),
(1901,'223',104),
(1902,'224',104),
(1903,'M-20',104),
(1904,'PICK-UP',104),
(1905,'INNY',104),
(1906,'1.3',105),
(1907,'311',105),
(1908,'312',105),
(1909,'313',105),
(1910,'353',105),
(1911,'INNY',105),
(1912,'2410',106),
(1913,'GAZ-21',106),
(1914,'GAZ-24',106),
(1915,'INNY',106),
(1916,'750',107),
(1917,'1100',107),
(1918,'INNY',107),
(1919,'INNY',108);
