"advertisement_id","image_urls"
323e2dca-f206-4893-bce6-478ffeff62a3,rs3.png
323e2dca-f206-4893-bce6-478ffeff62a3,rs3-2.jpg
9079429f-854c-4908-b833-915140612b79,rs6.jpg
9079429f-854c-4908-b833-915140612b79,rs6-2.jpg
80abd0c4-a99b-4461-8ff4-e71f64735151,rsq8.jpg
80abd0c4-a99b-4461-8ff4-e71f64735151,rsq8-2.jpg
5c2558e6-8106-4fd4-818a-78dfb8997cb5,c63.jpg
5c2558e6-8106-4fd4-818a-78dfb8997cb5,c63-2.jpg
7fc3b93e-3e8f-4a8e-83fd-31af9103a64f,gklasa.jpg
7fc3b93e-3e8f-4a8e-83fd-31af9103a64f,gklasa-2.jpg
57efa14f-80c1-42f7-b694-c6319ae5e29d,rx8.jpg
57efa14f-80c1-42f7-b694-c6319ae5e29d,rx8-2.jpg
85115b7d-12ce-4a68-ad6e-7d7e6008daf3,AUDI TT RS ŁOPATKI SKORA BOSE-tt-1.jpg
85115b7d-12ce-4a68-ad6e-7d7e6008daf3,AUDI TT RS ŁOPATKI SKORA BOSE-tt.jpg
85115b7d-12ce-4a68-ad6e-7d7e6008daf3,AUDI TT RS ŁOPATKI SKORA BOSE-tt-2.jpg
85115b7d-12ce-4a68-ad6e-7d7e6008daf3,AUDI TT RS ŁOPATKI SKORA BOSE-tt-3.jpg
85115b7d-12ce-4a68-ad6e-7d7e6008daf3,AUDI TT RS ŁOPATKI SKORA BOSE-tt-4.webp
d3dc16e5-f0a8-4fae-8d47-1cc5ddf51613,ACCORD VII 2.4 TYPES NARDO GREY-accord-2.jpg
d3dc16e5-f0a8-4fae-8d47-1cc5ddf51613,ACCORD VII 2.4 TYPES NARDO GREY-accord-1.jpg
d3dc16e5-f0a8-4fae-8d47-1cc5ddf51613,ACCORD VII 2.4 TYPES NARDO GREY-accord-3.jpg
d3dc16e5-f0a8-4fae-8d47-1cc5ddf51613,ACCORD VII 2.4 TYPES NARDO GREY-accord-4.jpg
d3dc16e5-f0a8-4fae-8d47-1cc5ddf51613,ACCORD VII 2.4 TYPES NARDO GREY-accord-5.jpg
d3dc16e5-f0a8-4fae-8d47-1cc5ddf51613,ACCORD VII 2.4 TYPES NARDO GREY-accord-6.jpg
d3dc16e5-f0a8-4fae-8d47-1cc5ddf51613,ACCORD VII 2.4 TYPES NARDO GREY-accord-7.jpg
d3dc16e5-f0a8-4fae-8d47-1cc5ddf51613,ACCORD VII 2.4 TYPES NARDO GREY-accord-8.jpg
d3dc16e5-f0a8-4fae-8d47-1cc5ddf51613,ACCORD VII 2.4 TYPES NARDO GREY-accord-9.jpg
d3dc16e5-f0a8-4fae-8d47-1cc5ddf51613,ACCORD VII 2.4 TYPES NARDO GREY-accord-10.jpg
d3dc16e5-f0a8-4fae-8d47-1cc5ddf51613,ACCORD VII 2.4 TYPES NARDO GREY-accord-11.jpg
d3dc16e5-f0a8-4fae-8d47-1cc5ddf51613,ACCORD VII 2.4 TYPES NARDO GREY-accord-12.jpg
85115b7d-12ce-4a68-ad6e-7d7e6008daf3,AUDI TT RS ŁOPATKI SKORA BOSE-tt-5.jpg
85115b7d-12ce-4a68-ad6e-7d7e6008daf3,AUDI TT RS ŁOPATKI SKORA BOSE-tt-6.jpg
67005ad0-422d-4773-9468-db8aa384278b,AUDI RS6 RODZINNE KOMBI-rs6-1.jpg
67005ad0-422d-4773-9468-db8aa384278b,AUDI RS6 RODZINNE KOMBI-rs6-2.webp
67005ad0-422d-4773-9468-db8aa384278b,AUDI RS6 RODZINNE KOMBI-rs6-3.jpg
67005ad0-422d-4773-9468-db8aa384278b,AUDI RS6 RODZINNE KOMBI-rs6-4.jpg
67005ad0-422d-4773-9468-db8aa384278b,AUDI RS6 RODZINNE KOMBI-rs6-5.jpg
b592db24-5d34-497b-bd29-d2427965452e,AUDI A3 3.2 QUATTRO DSG BOSE-a3-7.jpg
b592db24-5d34-497b-bd29-d2427965452e,AUDI A3 3.2 QUATTRO DSG BOSE-a3-1.jpg
b592db24-5d34-497b-bd29-d2427965452e,AUDI A3 3.2 QUATTRO DSG BOSE-a3-3.jpg
b592db24-5d34-497b-bd29-d2427965452e,AUDI A3 3.2 QUATTRO DSG BOSE-a3-4.jpg
b592db24-5d34-497b-bd29-d2427965452e,AUDI A3 3.2 QUATTRO DSG BOSE-a3-5.jpg
b592db24-5d34-497b-bd29-d2427965452e,AUDI A3 3.2 QUATTRO DSG BOSE-a3-6.jpg
b592db24-5d34-497b-bd29-d2427965452e,AUDI A3 3.2 QUATTRO DSG BOSE-a3-2.jpg
b592db24-5d34-497b-bd29-d2427965452e,AUDI A3 3.2 QUATTRO DSG BOSE-a3-8.jpg
67005ad0-422d-4773-9468-db8aa384278b,AUDI RS6 RODZINNE KOMBI-rs6-6.jpg
67005ad0-422d-4773-9468-db8aa384278b,AUDI RS6 RODZINNE KOMBI-rs6-7.webp
67005ad0-422d-4773-9468-db8aa384278b,AUDI RS6 RODZINNE KOMBI-rs6-9.jpg
67005ad0-422d-4773-9468-db8aa384278b,AUDI RS6 RODZINNE KOMBI-rs6-10.jpg
858d8d38-e7ad-408b-92b2-370a9cad2053,AUDI R8 SPORTOWE MARZENIE-r8-1.jpg
ecd87db7-fc99-4080-807d-84e89a916994,NISSAN 350z REVUP 322 KM !!!-350z-9.jpg
ecd87db7-fc99-4080-807d-84e89a916994,NISSAN 350z REVUP 322 KM !!!-350z-2.jpg
ecd87db7-fc99-4080-807d-84e89a916994,NISSAN 350z REVUP 322 KM !!!-350z-3.jpg
ecd87db7-fc99-4080-807d-84e89a916994,NISSAN 350z REVUP 322 KM !!!-350z-4.jpg
ecd87db7-fc99-4080-807d-84e89a916994,NISSAN 350z REVUP 322 KM !!!-350z-5.jpg
ecd87db7-fc99-4080-807d-84e89a916994,NISSAN 350z REVUP 322 KM !!!-350z-6.jpg
ecd87db7-fc99-4080-807d-84e89a916994,NISSAN 350z REVUP 322 KM !!!-350z-7.jpg
ecd87db7-fc99-4080-807d-84e89a916994,NISSAN 350z REVUP 322 KM !!!-350z-1.jpg
ecd87db7-fc99-4080-807d-84e89a916994,NISSAN 350z REVUP 322 KM !!!-350z-8.jpg
ecd87db7-fc99-4080-807d-84e89a916994,NISSAN 350z REVUP 322 KM !!!-350z-10.jpg
ecd87db7-fc99-4080-807d-84e89a916994,NISSAN 350z REVUP 322 KM !!!-350z-11.jpg
858d8d38-e7ad-408b-92b2-370a9cad2053,AUDI R8 SPORTOWE MARZENIE-r8-3.jpg
858d8d38-e7ad-408b-92b2-370a9cad2053,AUDI R8 SPORTOWE MARZENIE-r8-2.jpg
7f6f7d44-e586-4237-991d-a749125331f8,Honda CIVIC TYPER KOZAK-civic9.jpg
7f6f7d44-e586-4237-991d-a749125331f8,Honda CIVIC TYPER KOZAK-civic-1.jpg
bf6793fd-1314-4f83-9156-bb3816026fe2,HONDA PRELUDE IV 1992 KLASYK-prelude.jpg
bf6793fd-1314-4f83-9156-bb3816026fe2,HONDA PRELUDE IV 1992 KLASYK-prelude-1.webp
bf6793fd-1314-4f83-9156-bb3816026fe2,HONDA PRELUDE IV 1992 KLASYK-prelude-2.webp
a3e5f34a-196c-4a18-b299-85de38de0738,BMW M3 G80 SZATAN-m4-1.jpg
a3e5f34a-196c-4a18-b299-85de38de0738,BMW M3 G80 SZATAN-m4-6.jpg
a3e5f34a-196c-4a18-b299-85de38de0738,BMW M3 G80 SZATAN-m4-2.jpg
a3e5f34a-196c-4a18-b299-85de38de0738,BMW M3 G80 SZATAN-m4-3.jpg
a3e5f34a-196c-4a18-b299-85de38de0738,BMW M3 G80 SZATAN-m4-4.jpg
a3e5f34a-196c-4a18-b299-85de38de0738,BMW M3 G80 SZATAN-m4-5.jpg
a3e5f34a-196c-4a18-b299-85de38de0738,BMW M3 G80 SZATAN-m4.jpg
bf6793fd-1314-4f83-9156-bb3816026fe2,HONDA PRELUDE IV 1992 KLASYK-prelude-3.webp
14867b70-f625-4c3f-854b-ac5c817bb00e,SMART FORTWO 2014 EV-smart-3.jpg
14867b70-f625-4c3f-854b-ac5c817bb00e,SMART FORTWO 2014 EV-smart-2.jpg
14867b70-f625-4c3f-854b-ac5c817bb00e,SMART FORTWO 2014 EV-smart-6.jpg
14867b70-f625-4c3f-854b-ac5c817bb00e,SMART FORTWO 2014 EV-smart-4.jpg
14867b70-f625-4c3f-854b-ac5c817bb00e,SMART FORTWO 2014 EV-smart-5.jpg
14867b70-f625-4c3f-854b-ac5c817bb00e,SMART FORTWO 2014 EV-smart-1.jpg
14867b70-f625-4c3f-854b-ac5c817bb00e,SMART FORTWO 2014 EV-smart-7.jpg
14867b70-f625-4c3f-854b-ac5c817bb00e,SMART FORTWO 2014 EV-smart-8.jpg
14867b70-f625-4c3f-854b-ac5c817bb00e,SMART FORTWO 2014 EV-smart-9.jpg
6947c328-9dc6-4f40-b8e7-fd1cdeefe0c6,PORSCHE TAYCAN S TURBO-taycan-2.jpg
6947c328-9dc6-4f40-b8e7-fd1cdeefe0c6,PORSCHE TAYCAN S TURBO-taycan-9.webp
6947c328-9dc6-4f40-b8e7-fd1cdeefe0c6,PORSCHE TAYCAN S TURBO-taycan-3.webp
6947c328-9dc6-4f40-b8e7-fd1cdeefe0c6,PORSCHE TAYCAN S TURBO-taycan-4.jpg
6947c328-9dc6-4f40-b8e7-fd1cdeefe0c6,PORSCHE TAYCAN S TURBO-taycan-5.jpg
6947c328-9dc6-4f40-b8e7-fd1cdeefe0c6,PORSCHE TAYCAN S TURBO-taycan-6.jpg
6947c328-9dc6-4f40-b8e7-fd1cdeefe0c6,PORSCHE TAYCAN S TURBO-taycan-7.jpg
6947c328-9dc6-4f40-b8e7-fd1cdeefe0c6,PORSCHE TAYCAN S TURBO-taycan-8.jpg
6947c328-9dc6-4f40-b8e7-fd1cdeefe0c6,PORSCHE TAYCAN S TURBO-taycan-1.jpg
d238a709-87d9-4ed4-8073-28888b1edca4,AUDI Q3 USA -413900674_852351593559499_3068560324486405105_n.jpg
d238a709-87d9-4ed4-8073-28888b1edca4,AUDI Q3 USA -413907260_852351690226156_3252396383429668866_n.jpg
d238a709-87d9-4ed4-8073-28888b1edca4,AUDI Q3 USA -413913316_852351596892832_9141369972358313901_n.jpg
fafc8413-8ce8-42f4-ae75-6835f3f4ce51,LAMBORGHINI URUS USA-urus-2.jpg
fafc8413-8ce8-42f4-ae75-6835f3f4ce51,LAMBORGHINI URUS USA-urus-1.jpg
fafc8413-8ce8-42f4-ae75-6835f3f4ce51,LAMBORGHINI URUS USA-urus-3.jpg
fafc8413-8ce8-42f4-ae75-6835f3f4ce51,LAMBORGHINI URUS USA-urus-4.jpg
fafc8413-8ce8-42f4-ae75-6835f3f4ce51,LAMBORGHINI URUS USA-urus-5.jpg
fafc8413-8ce8-42f4-ae75-6835f3f4ce51,LAMBORGHINI URUS USA-urus-6.jpg
fafc8413-8ce8-42f4-ae75-6835f3f4ce51,LAMBORGHINI URUS USA-urus-7.jpg
ff491d82-42e4-4156-9644-2d04634df39b,AVENTADOR Z USA LEKKO USZKODZONY-aventador-4.jpg
ff491d82-42e4-4156-9644-2d04634df39b,AVENTADOR Z USA LEKKO USZKODZONY-aventador-2.jpg
ff491d82-42e4-4156-9644-2d04634df39b,AVENTADOR Z USA LEKKO USZKODZONY-aventador-3.jpg
ff491d82-42e4-4156-9644-2d04634df39b,AVENTADOR Z USA LEKKO USZKODZONY-aventador-1.jpg
ff491d82-42e4-4156-9644-2d04634df39b,AVENTADOR Z USA LEKKO USZKODZONY-aventador-5.jpg
ff491d82-42e4-4156-9644-2d04634df39b,AVENTADOR Z USA LEKKO USZKODZONY-aventador-6.jpg
ff491d82-42e4-4156-9644-2d04634df39b,AVENTADOR Z USA LEKKO USZKODZONY-aventador-7.jpg
ff491d82-42e4-4156-9644-2d04634df39b,AVENTADOR Z USA LEKKO USZKODZONY-aventador-8.jpg
ff491d82-42e4-4156-9644-2d04634df39b,AVENTADOR Z USA LEKKO USZKODZONY-aventador-9.jpg
ff491d82-42e4-4156-9644-2d04634df39b,AVENTADOR Z USA LEKKO USZKODZONY-aventador-10.jpg
ff491d82-42e4-4156-9644-2d04634df39b,AVENTADOR Z USA LEKKO USZKODZONY-aventador-11.jpg
ff491d82-42e4-4156-9644-2d04634df39b,AVENTADOR Z USA LEKKO USZKODZONY-aventador-12.jpg
